Date,Surface_reflectance_for_band_1,Surface_reflectance_for_band_2,Surface_reflectance_for_band_3,Surface_reflectance_for_band_4,Surface_reflectance_for_band_5,Surface_reflectance_for_band_6,Surface_reflectance_for_band_7,Surface_reflectance_500m_quality_control_flags,Solar_zenith,View_zenith,Relative_azimuth,Surface_reflectance_500m_state_flags,Surface_reflectance_day_of_year,actual_date,red,nir1,blue,green,nir2,swir1,swir2,NDVI,EVI,LSWI,LSWI2105,NDSI,NDWI1200,sur_refl_state_500m (binary),MOD35 cloud,cloud shadow,land/water flag,aerosol quantity,cirrus detected,internal cloud algorithm flag,internal fire algorithm flag,MOD35 snow/ice flag,Pixel is adjacent to cloud,BRDF correction performed,internal snow algorithm flag,Bad observation,Gap_fill_applied,GF_NDVI,GF_EVI,GF_LSWI,GF_LSWI2105 ,GF_NDSI,GF_NDWI1200
01/01/2016,1050,1761,468,718,2605,2200,1498,1073741824,6011,2695,-5788,72,4,01/01/2016,0.105,0.1761,0.0468,0.0718,0.2605,0.22,0.1498,0.252934898613,0.122156552814,-0.110830598334,0.0806996011046,-0.507882111035,-0.193311956024,0000000001001000,clear,no,land,low,none,no cloud,no fire,no,no,no,no,No,No,0.252934898613,0.122156552814,-0.110830598334,0.0806996011046,-0.507882111035,-0.193311956024
01/09/2016,989,1628,386,645,2425,2160,1494,1073741824,5900,1569,-5632,72,11,01/09/2016,0.0989,0.1628,0.0386,0.0645,0.2425,0.216,0.1494,0.244172716851,0.108917979137,-0.140443505808,0.0429212043562,-0.540106951872,-0.196644460893,0000000001001000,clear,no,land,low,none,no cloud,no fire,no,no,no,no,No,No,0.244172716851,0.108917979137,-0.140443505808,0.0429212043562,-0.540106951872,-0.196644460893
01/17/2016,1686,2723,669,1069,4037,4055,3728,1075838976,5904,4457,-5391,74,22,01/17/2016,0.1686,0.2723,0.0669,0.1069,0.4037,0.4055,0.3728,0.235200725788,0.145470358836,-0.196518146946,-0.155789800031,-0.58274785324,-0.194378698225,0000000001001010,mixed,no,land,low,none,no cloud,no fire,no,no,no,no,Yes,Yes,0.244172716851,0.108917979137,-0.140443505808,0.0429212043562,-0.540106951872,-0.196644460893
01/25/2016,989,1628,386,645,2425,2160,1494,1073741824,5900,1569,-5632,72,11,01/25/2016,0.0989,0.1628,0.0386,0.0645,0.2425,0.216,0.1494,0.244172716851,0.108917979137,-0.140443505808,0.0429212043562,-0.540106951872,-0.196644460893,0000000001001000,clear,no,land,low,none,no cloud,no fire,no,no,no,no,No,No,0.244172716851,0.108917979137,-0.140443505808,0.0429212043562,-0.540106951872,-0.196644460893
02/02/2016,1428,2250,454,878,3349,3345,3247,1073741824,5405,329,-5256,74,34,02/02/2016,0.1428,0.225,0.0454,0.0878,0.3349,0.3345,0.3247,0.223491027732,0.118015275943,-0.195710455764,-0.181371657268,-0.584181861236,-0.196285050902,0000000001001010,mixed,no,land,low,none,no cloud,no fire,no,no,no,no,Yes,Yes,0.23225126786,0.112885279248,-0.168691776031,-0.0683249303554,-0.564386415724,-0.192021600383
02/10/2016,1442,2257,463,871,3298,3364,3245,1073741824,5154,918,12194,72,41,02/10/2016,0.1442,0.2257,0.0463,0.0871,0.3298,0.3364,0.3245,0.22032981887,0.116852579359,-0.196940046255,-0.179571065067,-0.588665879575,-0.187398739874,0000000001001000,clear,no,land,low,none,no cloud,no fire,no,no,no,no,No,No,0.22032981887,0.116852579359,-0.196940046255,-0.179571065067,-0.588665879575,-0.187398739874
02/18/2016,NA,NA,NA,NA,NA,NA,NA,NA,NA,NA,NA,NA,NA,NA,NA,NA,NA,NA,NA,NA,NA,NA,NA,NA,NA,NA,NA,NA,NA,NA,NA,NA,NA,NA,NA,NA,NA,NA,NA,NA,NA,NA,NA,NA,NA,NA,NA
02/26/2016,1835,2836,577,1102,3785,4292,3798,1073741824,4672,1604,-4957,72,59,02/26/2016,0.1835,0.2836,0.0577,0.1102,0.3785,0.4292,0.3798,0.214301006209,0.128211696596,-0.204264870932,-0.145010551703,-0.591397849462,-0.143331822987,0000000001001000,clear,no,land,low,none,no cloud,no fire,no,no,no,no,No,No,0.214301006209,0.128211696596,-0.204264870932,-0.145010551703,-0.591397849462,-0.143331822987
03/05/2016,1829,2705,1185,1447,3274,3346,2435,1073741824,3982,3068,12690,1545,71,03/05/2016,0.1829,0.2705,0.1185,0.1447,0.3274,0.3346,0.2435,0.193206881341,0.148058006287,-0.105932903652,0.0525291828794,-0.396202795744,-0.0951664157886,0000011000001001,cloudy,no,land,climatology,average,cloud,no fire,no,no,no,no,Yes,Yes,0.223185277314,0.131164212102,-0.169098994624,-0.114598257363,-0.566527450002,-0.164483150121
03/13/2016,1590,2551,557,993,3714,3340,3020,1073741824,4018,838,12517,72,73,03/13/2016,0.159,0.2551,0.0557,0.0993,0.3714,0.334,0.302,0.232069548418,0.134116727608,-0.133933118316,-0.0841859630228,-0.541657050542,-0.185634477255,0000000001001000,clear,no,land,low,none,no cloud,no fire,no,no,no,no,No,No,0.232069548418,0.134116727608,-0.133933118316,-0.0841859630228,-0.541657050542,-0.185634477255
03/21/2016,1431,2427,441,841,3490,3302,3306,1073741824,3350,3068,12844,72,87,03/21/2016,0.1431,0.2427,0.0441,0.0841,0.349,0.3302,0.3306,0.258164852255,0.140634266188,-0.152731715832,-0.153322867609,-0.594013999517,-0.1796518506,0000000001001000,clear,no,land,low,none,no cloud,no fire,no,no,no,no,No,No,0.258164852255,0.140634266188,-0.152731715832,-0.153322867609,-0.594013999517,-0.1796518506
03/29/2016,1484,2412,376,820,3708,3629,3773,1073741824,3464,1641,-4486,72,91,03/29/2016,0.1484,0.2412,0.0376,0.082,0.3708,0.3629,0.3773,0.23819301848,0.125432525952,-0.201456712465,-0.220048504446,-0.631377837716,-0.211764705882,0000000001001000,clear,no,land,low,none,no cloud,no fire,no,no,no,no,No,No,0.23819301848,0.125432525952,-0.201456712465,-0.220048504446,-0.631377837716,-0.211764705882
04/06/2016,1695,2695,620,1002,3472,3864,3220,1073741824,3330,4506,-3682,74,102,04/06/2016,0.1695,0.2695,0.062,0.1002,0.3472,0.3864,0.322,0.227790432802,0.137249519627,-0.178228388474,-0.0887573964497,-0.588162762022,-0.125993189557,0000000001001010,mixed,no,land,low,none,no cloud,no fire,no,no,no,no,Yes,Yes,0.23560530491,0.124792686913,-0.203587491519,-0.176119490318,-0.620811154015,-0.172720154804
04/14/2016,1417,2278,459,837,2981,3458,2972,1073741824,2811,839,13117,72,105,04/14/2016,0.1417,0.2278,0.0459,0.0837,0.2981,0.3458,0.2972,0.23301759134,0.124152847873,-0.205718270572,-0.13219047619,-0.610244470314,-0.133675603727,0000000001001000,clear,no,land,low,none,no cloud,no fire,no,no,no,no,No,No,0.23301759134,0.124152847873,-0.205718270572,-0.13219047619,-0.610244470314,-0.133675603727
04/22/2016,1762,2680,552,1042,3700,3399,2978,1073741824,2597,383,-3608,72,114,04/22/2016,0.1762,0.268,0.0552,0.1042,0.37,0.3399,0.2978,0.206663665016,0.120081624111,-0.118276032242,-0.0526687875574,-0.530736320649,-0.15987460815,0000000001001000,clear,no,land,low,none,no cloud,no fire,no,no,no,no,No,No,0.206663665016,0.120081624111,-0.118276032242,-0.0526687875574,-0.530736320649,-0.15987460815
04/30/2016,NA,NA,NA,NA,NA,NA,NA,NA,NA,NA,NA,NA,NA,NA,NA,NA,NA,NA,NA,NA,NA,NA,NA,NA,NA,NA,NA,NA,NA,NA,NA,NA,NA,NA,NA,NA,NA,NA,NA,NA,NA,NA,NA,NA,NA,NA,NA
05/08/2016,NA,NA,NA,NA,NA,NA,NA,NA,NA,NA,NA,NA,NA,NA,NA,NA,NA,NA,NA,NA,NA,NA,NA,NA,NA,NA,NA,NA,NA,NA,NA,NA,NA,NA,NA,NA,NA,NA,NA,NA,NA,NA,NA,NA,NA,NA,NA
05/16/2016,NA,NA,NA,NA,NA,NA,NA,NA,NA,NA,NA,NA,NA,NA,NA,NA,NA,NA,NA,NA,NA,NA,NA,NA,NA,NA,NA,NA,NA,NA,NA,NA,NA,NA,NA,NA,NA,NA,NA,NA,NA,NA,NA,NA,NA,NA,NA
05/24/2016,NA,NA,NA,NA,NA,NA,NA,NA,NA,NA,NA,NA,NA,NA,NA,NA,NA,NA,NA,NA,NA,NA,NA,NA,NA,NA,NA,NA,NA,NA,NA,NA,NA,NA,NA,NA,NA,NA,NA,NA,NA,NA,NA,NA,NA,NA,NA
06/01/2016,NA,NA,NA,NA,NA,NA,NA,NA,NA,NA,NA,NA,NA,NA,NA,NA,NA,NA,NA,NA,NA,NA,NA,NA,NA,NA,NA,NA,NA,NA,NA,NA,NA,NA,NA,NA,NA,NA,NA,NA,NA,NA,NA,NA,NA,NA,NA
06/09/2016,NA,NA,NA,NA,NA,NA,NA,NA,NA,NA,NA,NA,NA,NA,NA,NA,NA,NA,NA,NA,NA,NA,NA,NA,NA,NA,NA,NA,NA,NA,NA,NA,NA,NA,NA,NA,NA,NA,NA,NA,NA,NA,NA,NA,NA,NA,NA
06/17/2016,NA,NA,NA,NA,NA,NA,NA,NA,NA,NA,NA,NA,NA,NA,NA,NA,NA,NA,NA,NA,NA,NA,NA,NA,NA,NA,NA,NA,NA,NA,NA,NA,NA,NA,NA,NA,NA,NA,NA,NA,NA,NA,NA,NA,NA,NA,NA
06/25/2016,NA,NA,NA,NA,NA,NA,NA,NA,NA,NA,NA,NA,NA,NA,NA,NA,NA,NA,NA,NA,NA,NA,NA,NA,NA,NA,NA,NA,NA,NA,NA,NA,NA,NA,NA,NA,NA,NA,NA,NA,NA,NA,NA,NA,NA,NA,NA
07/03/2016,NA,NA,NA,NA,NA,NA,NA,NA,NA,NA,NA,NA,NA,NA,NA,NA,NA,NA,NA,NA,NA,NA,NA,NA,NA,NA,NA,NA,NA,NA,NA,NA,NA,NA,NA,NA,NA,NA,NA,NA,NA,NA,NA,NA,NA,NA,NA
07/11/2016,NA,NA,NA,NA,NA,NA,NA,NA,NA,NA,NA,NA,NA,NA,NA,NA,NA,NA,NA,NA,NA,NA,NA,NA,NA,NA,NA,NA,NA,NA,NA,NA,NA,NA,NA,NA,NA,NA,NA,NA,NA,NA,NA,NA,NA,NA,NA
07/19/2016,NA,NA,NA,NA,NA,NA,NA,NA,NA,NA,NA,NA,NA,NA,NA,NA,NA,NA,NA,NA,NA,NA,NA,NA,NA,NA,NA,NA,NA,NA,NA,NA,NA,NA,NA,NA,NA,NA,NA,NA,NA,NA,NA,NA,NA,NA,NA
07/27/2016,NA,NA,NA,NA,NA,NA,NA,NA,NA,NA,NA,NA,NA,NA,NA,NA,NA,NA,NA,NA,NA,NA,NA,NA,NA,NA,NA,NA,NA,NA,NA,NA,NA,NA,NA,NA,NA,NA,NA,NA,NA,NA,NA,NA,NA,NA,NA
08/04/2016,NA,NA,NA,NA,NA,NA,NA,NA,NA,NA,NA,NA,NA,NA,NA,NA,NA,NA,NA,NA,NA,NA,NA,NA,NA,NA,NA,NA,NA,NA,NA,NA,NA,NA,NA,NA,NA,NA,NA,NA,NA,NA,NA,NA,NA,NA,NA
08/12/2016,NA,NA,NA,NA,NA,NA,NA,NA,NA,NA,NA,NA,NA,NA,NA,NA,NA,NA,NA,NA,NA,NA,NA,NA,NA,NA,NA,NA,NA,NA,NA,NA,NA,NA,NA,NA,NA,NA,NA,NA,NA,NA,NA,NA,NA,NA,NA
08/20/2016,NA,NA,NA,NA,NA,NA,NA,NA,NA,NA,NA,NA,NA,NA,NA,NA,NA,NA,NA,NA,NA,NA,NA,NA,NA,NA,NA,NA,NA,NA,NA,NA,NA,NA,NA,NA,NA,NA,NA,NA,NA,NA,NA,NA,NA,NA,NA
08/28/2016,NA,NA,NA,NA,NA,NA,NA,NA,NA,NA,NA,NA,NA,NA,NA,NA,NA,NA,NA,NA,NA,NA,NA,NA,NA,NA,NA,NA,NA,NA,NA,NA,NA,NA,NA,NA,NA,NA,NA,NA,NA,NA,NA,NA,NA,NA,NA
09/05/2016,NA,NA,NA,NA,NA,NA,NA,NA,NA,NA,NA,NA,NA,NA,NA,NA,NA,NA,NA,NA,NA,NA,NA,NA,NA,NA,NA,NA,NA,NA,NA,NA,NA,NA,NA,NA,NA,NA,NA,NA,NA,NA,NA,NA,NA,NA,NA
09/13/2016,NA,NA,NA,NA,NA,NA,NA,NA,NA,NA,NA,NA,NA,NA,NA,NA,NA,NA,NA,NA,NA,NA,NA,NA,NA,NA,NA,NA,NA,NA,NA,NA,NA,NA,NA,NA,NA,NA,NA,NA,NA,NA,NA,NA,NA,NA,NA
09/21/2016,NA,NA,NA,NA,NA,NA,NA,NA,NA,NA,NA,NA,NA,NA,NA,NA,NA,NA,NA,NA,NA,NA,NA,NA,NA,NA,NA,NA,NA,NA,NA,NA,NA,NA,NA,NA,NA,NA,NA,NA,NA,NA,NA,NA,NA,NA,NA
09/29/2016,NA,NA,NA,NA,NA,NA,NA,NA,NA,NA,NA,NA,NA,NA,NA,NA,NA,NA,NA,NA,NA,NA,NA,NA,NA,NA,NA,NA,NA,NA,NA,NA,NA,NA,NA,NA,NA,NA,NA,NA,NA,NA,NA,NA,NA,NA,NA
10/07/2016,NA,NA,NA,NA,NA,NA,NA,NA,NA,NA,NA,NA,NA,NA,NA,NA,NA,NA,NA,NA,NA,NA,NA,NA,NA,NA,NA,NA,NA,NA,NA,NA,NA,NA,NA,NA,NA,NA,NA,NA,NA,NA,NA,NA,NA,NA,NA
10/15/2016,NA,NA,NA,NA,NA,NA,NA,NA,NA,NA,NA,NA,NA,NA,NA,NA,NA,NA,NA,NA,NA,NA,NA,NA,NA,NA,NA,NA,NA,NA,NA,NA,NA,NA,NA,NA,NA,NA,NA,NA,NA,NA,NA,NA,NA,NA,NA
10/23/2016,NA,NA,NA,NA,NA,NA,NA,NA,NA,NA,NA,NA,NA,NA,NA,NA,NA,NA,NA,NA,NA,NA,NA,NA,NA,NA,NA,NA,NA,NA,NA,NA,NA,NA,NA,NA,NA,NA,NA,NA,NA,NA,NA,NA,NA,NA,NA
10/31/2016,NA,NA,NA,NA,NA,NA,NA,NA,NA,NA,NA,NA,NA,NA,NA,NA,NA,NA,NA,NA,NA,NA,NA,NA,NA,NA,NA,NA,NA,NA,NA,NA,NA,NA,NA,NA,NA,NA,NA,NA,NA,NA,NA,NA,NA,NA,NA
11/08/2016,NA,NA,NA,NA,NA,NA,NA,NA,NA,NA,NA,NA,NA,NA,NA,NA,NA,NA,NA,NA,NA,NA,NA,NA,NA,NA,NA,NA,NA,NA,NA,NA,NA,NA,NA,NA,NA,NA,NA,NA,NA,NA,NA,NA,NA,NA,NA
11/16/2016,NA,NA,NA,NA,NA,NA,NA,NA,NA,NA,NA,NA,NA,NA,NA,NA,NA,NA,NA,NA,NA,NA,NA,NA,NA,NA,NA,NA,NA,NA,NA,NA,NA,NA,NA,NA,NA,NA,NA,NA,NA,NA,NA,NA,NA,NA,NA
11/24/2016,NA,NA,NA,NA,NA,NA,NA,NA,NA,NA,NA,NA,NA,NA,NA,NA,NA,NA,NA,NA,NA,NA,NA,NA,NA,NA,NA,NA,NA,NA,NA,NA,NA,NA,NA,NA,NA,NA,NA,NA,NA,NA,NA,NA,NA,NA,NA
12/02/2016,NA,NA,NA,NA,NA,NA,NA,NA,NA,NA,NA,NA,NA,NA,NA,NA,NA,NA,NA,NA,NA,NA,NA,NA,NA,NA,NA,NA,NA,NA,NA,NA,NA,NA,NA,NA,NA,NA,NA,NA,NA,NA,NA,NA,NA,NA,NA
12/10/2016,NA,NA,NA,NA,NA,NA,NA,NA,NA,NA,NA,NA,NA,NA,NA,NA,NA,NA,NA,NA,NA,NA,NA,NA,NA,NA,NA,NA,NA,NA,NA,NA,NA,NA,NA,NA,NA,NA,NA,NA,NA,NA,NA,NA,NA,NA,NA
12/18/2016,NA,NA,NA,NA,NA,NA,NA,NA,NA,NA,NA,NA,NA,NA,NA,NA,NA,NA,NA,NA,NA,NA,NA,NA,NA,NA,NA,NA,NA,NA,NA,NA,NA,NA,NA,NA,NA,NA,NA,NA,NA,NA,NA,NA,NA,NA,NA
12/26/2016,NA,NA,NA,NA,NA,NA,NA,NA,NA,NA,NA,NA,NA,NA,NA,NA,NA,NA,NA,NA,NA,NA,NA,NA,NA,NA,NA,NA,NA,NA,NA,NA,NA,NA,NA,NA,NA,NA,NA,NA,NA,NA,NA,NA,NA,NA,NA
01/01/2014,1491,2130,477,873,2917,3039,2792,1075838976,5881,955,11571,72,3,01/01/2014,0.1491,0.213,0.0477,0.0873,0.2917,0.3039,0.2792,0.176470588235,0.0912935394462,-0.175856065003,-0.134498171475,-0.553680981595,-0.155934218348,0000000001001000,clear,no,land,low,none,no cloud,no fire,no,no,no,no,No,No,0.176470588235,0.0912935394462,-0.175856065003,-0.134498171475,-0.553680981595,-0.155934218348
01/09/2014,1805,2654,522,979,3796,3818,3859,1075838976,5776,2127,11779,72,10,01/09/2014,0.1805,0.2654,0.0522,0.0979,0.3796,0.3818,0.3859,0.190401435299,0.108462363943,-0.179851668727,-0.185014586212,-0.591828225975,-0.177054263566,0000000001001000,clear,no,land,low,none,no cloud,no fire,no,no,no,no,No,No,0.190401435299,0.108462363943,-0.179851668727,-0.185014586212,-0.591828225975,-0.177054263566
01/17/2014,1844,2737,521,1046,3676,4064,3902,1073741824,5683,927,12263,74,19,01/17/2014,0.1844,0.2737,0.0521,0.1046,0.3676,0.4064,0.3902,0.19493560358,0.112222585267,-0.195118364946,-0.175478234674,-0.59060665362,-0.14642133167,0000000001001010,mixed,no,land,low,none,no cloud,no fire,no,no,no,no,Yes,Yes,0.195646151948,0.111742021043,-0.184085099755,-0.176778688634,-0.591039012262,-0.158680193007
01/25/2014,1794,2696,514,1017,3576,3947,3789,1073741824,5497,2081,12233,72,26,01/25/2014,0.1794,0.2696,0.0514,0.1017,0.3576,0.3947,0.3789,0.200890868597,0.115021678143,-0.188318530784,-0.168542791056,-0.59024979855,-0.140306122449,0000000001001000,clear,no,land,low,none,no cloud,no fire,no,no,no,no,No,No,0.200890868597,0.115021678143,-0.188318530784,-0.168542791056,-0.59024979855,-0.140306122449
02/02/2014,7748,7550,7387,7776,5176,4196,3457,1073741824,5319,900,12235,32845,35,02/02/2014,0.7748,0.755,0.7387,0.7776,0.5176,0.4196,0.3457,-0.0129428683488,-0.0573215216258,0.285544014984,0.371854274553,0.299031072503,0.186547226151,1000000001001101,cloudy,yes,land,low,none,no cloud,no fire,no,no,no,yes,Yes,Yes,0.213826989452,0.105808481962,-0.194724503263,-0.137014011562,-0.612432591582,-0.157801979289
02/10/2014,1069,1696,251,570,2417,2550,2096,1073741824,5104,312,-4725,72,44,02/10/2014,0.1069,0.1696,0.0251,0.057,0.2417,0.255,0.2096,0.226763110307,0.0965952857803,-0.201130475742,-0.105485232068,-0.634615384615,-0.175297836129,0000000001001000,clear,no,land,low,none,no cloud,no fire,no,no,no,no,No,No,0.226763110307,0.0965952857803,-0.201130475742,-0.105485232068,-0.634615384615,-0.175297836129
02/18/2014,1508,2368,389,822,3489,3583,3716,1073741824,4816,954,12424,72,51,02/18/2014,0.1508,0.2368,0.0389,0.0822,0.3489,0.3583,0.3716,0.221878224974,0.116225639917,-0.204167366829,-0.221564760026,-0.626787741203,-0.191394912071,0000000001001000,clear,no,land,low,none,no cloud,no fire,no,no,no,no,No,No,0.221878224974,0.116225639917,-0.204167366829,-0.221564760026,-0.626787741203,-0.191394912071
02/26/2014,1156,1945,454,665,2691,3081,2801,1073741824,4180,4746,12332,72,63,02/26/2014,0.1156,0.1945,0.0454,0.0665,0.2691,0.3081,0.2801,0.254434053531,0.127455414836,-0.226024671707,-0.180362410451,-0.644954618259,-0.160914581536,0000000001001000,clear,no,land,low,none,no cloud,no fire,no,no,no,no,No,No,0.254434053531,0.127455414836,-0.226024671707,-0.180362410451,-0.644954618259,-0.160914581536
03/06/2014,1156,1945,454,665,2691,3081,2801,1073741824,4180,4746,12332,72,63,03/06/2014,0.1156,0.1945,0.0454,0.0665,0.2691,0.3081,0.2801,0.254434053531,0.127455414836,-0.226024671707,-0.180362410451,-0.644954618259,-0.160914581536,0000000001001000,clear,no,land,low,none,no cloud,no fire,no,no,no,no,No,No,0.254434053531,0.127455414836,-0.226024671707,-0.180362410451,-0.644954618259,-0.160914581536
03/14/2014,1931,2906,563,1110,4189,4137,4054,1073741824,3946,361,-3871,72,76,03/14/2014,0.1931,0.2906,0.0563,0.111,0.4189,0.4137,0.4054,0.201571221832,0.120254569674,-0.174783472952,-0.164942528736,-0.576901086335,-0.180831571529,0000000001001000,clear,no,land,low,none,no cloud,no fire,no,no,no,no,No,No,0.201571221832,0.120254569674,-0.174783472952,-0.164942528736,-0.576901086335,-0.180831571529
03/22/2014,1673,2731,529,989,3729,4198,3879,1073741824,3751,3638,-4264,72,87,03/22/2014,0.1673,0.2731,0.0529,0.0989,0.3729,0.4198,0.3879,0.240236148955,0.140680264872,-0.211718862751,-0.173676248109,-0.618662039715,-0.154489164087,0000000001001000,clear,no,land,low,none,no cloud,no fire,no,no,no,no,No,No,0.240236148955,0.140680264872,-0.211718862751,-0.173676248109,-0.618662039715,-0.154489164087
03/30/2014,1284,2026,373,709,3144,3184,3213,1075838976,3272,2118,12912,72,90,03/30/2014,0.1284,0.2026,0.0373,0.0709,0.3144,0.3184,0.3213,0.22416918429,0.109552635464,-0.22226487524,-0.226569956098,-0.635756486001,-0.216247582205,0000000001001000,clear,no,land,low,none,no cloud,no fire,no,no,no,no,No,No,0.22416918429,0.109552635464,-0.22226487524,-0.226569956098,-0.635756486001,-0.216247582205
04/07/2014,1291,2214,387,751,3296,3353,3300,1073741824,3003,937,13083,72,99,04/07/2014,0.1291,0.2214,0.0387,0.0751,0.3296,0.3353,0.33,0.263338088445,0.135277737066,-0.204598527034,-0.196953210011,-0.634015594542,-0.196370235935,0000000001001000,clear,no,land,low,none,no cloud,no fire,no,no,no,no,No,No,0.263338088445,0.135277737066,-0.204598527034,-0.196953210011,-0.634015594542,-0.196370235935
04/15/2014,1317,2118,331,687,3170,3287,3407,1073741824,2689,2090,13331,72,106,04/15/2014,0.1317,0.2118,0.0331,0.0687,0.317,0.3287,0.3407,0.233187772926,0.114183891661,-0.216281221092,-0.233303167421,-0.654252642174,-0.198940998487,0000000001001000,clear,no,land,low,none,no cloud,no fire,no,no,no,no,No,No,0.233187772926,0.114183891661,-0.216281221092,-0.233303167421,-0.654252642174,-0.198940998487
04/23/2014,2100,3247,670,1296,4493,4492,4463,1073741824,2720,3667,-3187,73,119,04/23/2014,0.21,0.3247,0.067,0.1296,0.4493,0.4492,0.4463,0.214512810922,0.137714916915,-0.160873497868,-0.157717250324,-0.552176917761,-0.160981912145,0000000001001001,cloudy,no,land,low,none,no cloud,no fire,no,no,no,no,Yes,Yes,0.224139419854,0.120391162247,-0.211088038631,-0.209324937396,-0.631778363447,-0.172206089362
05/01/2014,1810,2802,543,1033,3756,4255,4077,1073741824,2198,2090,13800,72,122,05/01/2014,0.181,0.2802,0.0543,0.1033,0.3756,0.4255,0.4077,0.215091066782,0.126598432834,-0.205894856171,-0.18534670737,-0.60930408472,-0.145471180238,0000000001001000,clear,no,land,low,none,no cloud,no fire,no,no,no,no,No,No,0.215091066782,0.126598432834,-0.205894856171,-0.18534670737,-0.60930408472,-0.145471180238
05/09/2014,1848,2840,554,1045,3813,4247,4068,1073741824,1945,3152,13745,72,129,05/09/2014,0.1848,0.284,0.0554,0.1045,0.3813,0.4247,0.4068,0.211604095563,0.125423557376,-0.19853252434,-0.177764910249,-0.605064247921,-0.146249812115,0000000001001000,clear,no,land,low,none,no cloud,no fire,no,no,no,no,No,No,0.211604095563,0.125423557376,-0.19853252434,-0.177764910249,-0.605064247921,-0.146249812115
05/17/2014,1848,2840,554,1045,3813,4247,4068,1073741824,1945,3152,13745,72,129,05/17/2014,0.1848,0.284,0.0554,0.1045,0.3813,0.4247,0.4068,0.211604095563,0.125423557376,-0.19853252434,-0.177764910249,-0.605064247921,-0.146249812115,0000000001001000,clear,no,land,low,none,no cloud,no fire,no,no,no,no,No,No,0.211604095563,0.125423557376,-0.19853252434,-0.177764910249,-0.605064247921,-0.146249812115
05/25/2014,1853,2759,692,1111,3354,3931,3644,1075838976,1494,4052,14381,73,152,05/25/2014,0.1853,0.2759,0.0692,0.1111,0.3354,0.3931,0.3644,0.196444058977,0.121207256381,-0.175186846039,-0.138216461034,-0.55930186434,-0.0973335514477,0000000001001001,cloudy,no,land,low,none,no cloud,no fire,no,no,no,no,Yes,Yes,0.217393743283,0.121488851073,-0.120052525161,-0.019027538413,-0.531040341407,-0.133812561401
06/02/2014,1347,2121,499,859,2707,2305,1601,1073741824,2303,4427,-1491,72,160,06/02/2014,0.1347,0.2121,0.0499,0.0859,0.2707,0.2305,0.1601,0.223183391003,0.117554144771,-0.0415725259828,0.139709833423,-0.457016434893,-0.121375310688,0000000001001000,clear,no,land,low,none,no cloud,no fire,no,no,no,no,No,No,0.223183391003,0.117554144771,-0.0415725259828,0.139709833423,-0.457016434893,-0.121375310688
06/10/2014,1409,2159,503,934,2870,2557,1827,1073741824,1957,1514,-1732,72,165,06/10/2014,0.1409,0.2159,0.0503,0.0934,0.287,0.2557,0.1827,0.210201793722,0.111338736973,-0.0843935538592,0.0832915203211,-0.464909767975,-0.141379996023,0000000001001000,clear,no,land,low,none,no cloud,no fire,no,no,no,no,No,No,0.210201793722,0.111338736973,-0.0843935538592,0.0832915203211,-0.464909767975,-0.141379996023
06/18/2014,1335,2357,490,920,3089,2609,1709,1073741824,2102,2657,-1529,72,174,06/18/2014,0.1335,0.2357,0.049,0.092,0.3089,0.2609,0.1709,0.276814734561,0.153067337647,-0.0507450664519,0.159370388588,-0.478605837348,-0.13441057657,0000000001001000,clear,no,land,low,none,no cloud,no fire,no,no,no,no,No,No,0.276814734561,0.153067337647,-0.0507450664519,0.159370388588,-0.478605837348,-0.13441057657
06/26/2014,1997,3052,649,1189,3964,4382,4206,1075838976,2031,1550,-1561,73,181,06/26/2014,0.1997,0.3052,0.0649,0.1189,0.3964,0.4382,0.4206,0.208952267776,0.130786204845,-0.178907721281,-0.158996968862,-0.573146652307,-0.129988597491,0000000001001001,cloudy,no,land,low,none,no cloud,no fire,no,no,no,no,Yes,Yes,0.255006557564,0.148264677541,-0.101492767014,0.0304102608818,-0.52058240537,-0.121688248647
07/04/2014,1894,3046,578,1159,3791,4140,3712,1073741824,1747,2091,15498,72,186,07/04/2014,0.1894,0.3046,0.0578,0.1159,0.3791,0.414,0.3712,0.233198380567,0.143462017435,-0.152240467576,-0.0985498668245,-0.562558973391,-0.108965920725,0000000001001000,clear,no,land,low,none,no cloud,no fire,no,no,no,no,No,No,0.233198380567,0.143462017435,-0.152240467576,-0.0985498668245,-0.562558973391,-0.108965920725
07/12/2014,1661,2545,741,1085,3099,3173,2465,1073741824,1730,3955,14706,72,200,07/12/2014,0.1661,0.2545,0.0741,0.1085,0.3099,0.3173,0.2465,0.210175939135,0.130356563541,-0.109828611403,0.0159680638723,-0.490371066228,-0.0981573352232,0000000001001000,clear,no,land,low,none,no cloud,no fire,no,no,no,no,No,No,0.210175939135,0.130356563541,-0.109828611403,0.0159680638723,-0.490371066228,-0.0981573352232
07/20/2014,2201,3610,768,1418,4436,4775,4313,1073741824,2183,437,-2131,72,204,07/20/2014,0.2201,0.361,0.0768,0.1418,0.4436,0.4775,0.4313,0.242471175357,0.167291983283,-0.138938580799,-0.0887290167866,-0.542063620216,-0.102659706687,0000000001001000,clear,no,land,low,none,no cloud,no fire,no,no,no,no,No,No,0.242471175357,0.167291983283,-0.138938580799,-0.0887290167866,-0.542063620216,-0.102659706687
07/28/2014,2117,3475,702,1276,4244,4535,4055,1073741824,2190,857,14607,73,211,07/28/2014,0.2117,0.3475,0.0702,0.1276,0.4244,0.4535,0.4055,0.242846924177,0.162346977812,-0.132334581773,-0.0770252324037,-0.560832903115,-0.0996243036663,0000000001001001,cloudy,no,land,low,none,no cloud,no fire,no,no,no,no,Yes,Yes,0.279205097447,0.190733503248,-0.108207869289,-0.0486868880298,-0.543368425474,-0.0998576675493
08/05/2014,2080,3677,681,1330,4452,4626,4039,1073741824,2451,367,-2524,73,220,08/05/2014,0.208,0.3677,0.0681,0.133,0.4452,0.4626,0.4039,0.277401424353,0.189671963705,-0.114296037577,-0.0469155002592,-0.553391537945,-0.0953376799114,0000000001001001,cloudy,no,land,low,none,no cloud,no fire,no,no,no,no,Yes,Yes,0.315939019537,0.214175023213,-0.077477157778,-0.0086447592729,-0.544673230732,-0.0970556284116
08/13/2014,1645,3329,565,1133,4154,3872,3255,1073741824,2510,900,14288,74,227,08/13/2014,0.1645,0.3329,0.0565,0.1133,0.4154,0.3872,0.3255,0.338560514676,0.222028847929,-0.0754061935842,0.0112393681652,-0.547252747253,-0.110249899773,0000000001001010,mixed,no,land,low,none,no cloud,no fire,no,no,no,no,Yes,Yes,0.352672941628,0.237616543178,-0.0467464462675,0.0313973694839,-0.545978035991,-0.0942535892739
08/21/2014,1539,3502,525,1058,4207,3616,3035,1073741824,2603,2090,13612,72,234,08/21/2014,0.1539,0.3502,0.0525,0.1058,0.4207,0.3616,0.3035,0.389406863718,0.261058063143,-0.016015734757,0.0714394982408,-0.547282841249,-0.0914515501362,0000000001001000,clear,no,land,low,none,no cloud,no fire,no,no,no,no,No,No,0.389406863718,0.261058063143,-0.016015734757,0.0714394982408,-0.547282841249,-0.0914515501362
08/29/2014,1016,3297,375,820,3737,2833,1859,1073741824,2920,927,13193,72,243,08/29/2014,0.1016,0.3297,0.0375,0.082,0.3737,0.2833,0.1859,0.528866218409,0.34392810832,0.0756933115824,0.27889837083,-0.551053928278,-0.0625533124822,0000000001001000,clear,no,land,low,none,no cloud,no fire,no,no,no,no,No,No,0.528866218409,0.34392810832,0.0756933115824,0.27889837083,-0.551053928278,-0.0625533124822
09/06/2014,1033,4022,356,882,4171,2769,1751,1073741824,3253,328,-4689,72,252,09/06/2014,0.1033,0.4022,0.0356,0.0882,0.4171,0.2769,0.1751,0.591295746785,0.425783475783,0.18450890885,0.39338298978,-0.516844700082,-0.0181862565605,0000000001001000,clear,no,land,low,none,no cloud,no fire,no,no,no,no,No,No,0.591295746785,0.425783475783,0.18450890885,0.39338298978,-0.516844700082,-0.0181862565605
09/14/2014,461,2493,254,456,2324,1525,714,1073741824,3441,4003,11980,8204,264,09/14/2014,0.0461,0.2493,0.0254,0.0456,0.2324,0.1525,0.0714,0.68788083954,0.380410363936,0.240915878547,0.55472404116,-0.539626451287,0.0350840772265,0010000000001100,clear,yes,land,climatology,none,no cloud,no fire,no,yes,no,no,Yes,Yes,0.647769085513,0.461055072934,0.222634655286,0.475552562915,-0.50869537516,0.00106652338885
09/22/2014,610,3515,339,686,3375,2061,998,1073741824,3595,2072,12306,72,266,09/22/2014,0.061,0.3515,0.0339,0.0686,0.3375,0.2061,0.0998,0.704242424242,0.496326670084,0.260760401722,0.557722136051,-0.500546050237,0.0203193033382,0000000001001000,clear,no,land,low,none,no cloud,no fire,no,no,no,no,No,No,0.704242424242,0.496326670084,0.260760401722,0.557722136051,-0.500546050237,0.0203193033382
09/30/2014,687,4211,282,681,3780,2364,1319,1073741824,3951,927,12198,72,275,09/30/2014,0.0687,0.4211,0.0282,0.0681,0.378,0.2364,0.1319,0.719477337689,0.54322357874,0.280912547529,0.522965641953,-0.552709359606,0.0539356776373,0000000001001000,clear,no,land,low,none,no cloud,no fire,no,no,no,no,No,No,0.719477337689,0.54322357874,0.280912547529,0.522965641953,-0.552709359606,0.0539356776373
10/08/2014,857,4654,339,784,4177,2790,1633,1073741824,4469,2666,-5748,72,286,10/08/2014,0.0857,0.4654,0.0339,0.0784,0.4177,0.279,0.1633,0.688985665034,0.550178224708,0.250403009135,0.480515349133,-0.561275881365,0.0540142679198,0000000001001000,clear,no,land,low,none,no cloud,no fire,no,no,no,no,No,No,0.688985665034,0.550178224708,0.250403009135,0.480515349133,-0.561275881365,0.0540142679198
10/16/2014,781,4113,337,692,3758,2509,1473,1073741824,4502,945,11696,72,291,10/16/2014,0.0781,0.4113,0.0337,0.0692,0.3758,0.2509,0.1473,0.680833673886,0.511938051194,0.242222893386,0.47261009667,-0.567635114027,0.045102274171,0000000001001000,clear,no,land,low,none,no cloud,no fire,no,no,no,no,No,No,0.680833673886,0.511938051194,0.242222893386,0.47261009667,-0.567635114027,0.045102274171
10/24/2014,617,3735,258,540,3718,2097,1106,1073741824,4705,2099,11522,72,298,10/24/2014,0.0617,0.3735,0.0258,0.054,0.3718,0.2097,0.1106,0.716452205882,0.50283834344,0.280864197531,0.543069613716,-0.590443686007,0.00228096068697,0000000001001000,clear,no,land,low,none,no cloud,no fire,no,no,no,no,No,No,0.716452205882,0.50283834344,0.280864197531,0.543069613716,-0.590443686007,0.00228096068697
11/01/2014,820,3373,445,650,3470,2407,1404,1073741824,4905,3114,11309,72,305,11/01/2014,0.082,0.3373,0.0445,0.065,0.347,0.2407,0.1404,0.608871929406,0.426766072682,0.167128027682,0.41218337869,-0.574746483481,-0.014175069414,0000000001001000,clear,no,land,low,none,no cloud,no fire,no,no,no,no,No,No,0.608871929406,0.426766072682,0.167128027682,0.41218337869,-0.574746483481,-0.014175069414
11/09/2014,874,3064,325,598,3653,2413,1584,1073741824,5198,2027,11266,72,314,11/09/2014,0.0874,0.3064,0.0325,0.0598,0.3653,0.2413,0.1584,0.556119857796,0.344979679279,0.118860690159,0.318416523236,-0.60278977084,-0.0876879559327,0000000001001000,clear,no,land,low,none,no cloud,no fire,no,no,no,no,No,No,0.556119857796,0.344979679279,0.118860690159,0.318416523236,-0.60278977084,-0.0876879559327
11/17/2014,1304,2773,407,759,3747,3333,2454,1073741824,5459,855,11231,72,323,11/17/2014,0.1304,0.2773,0.0407,0.0759,0.3747,0.3333,0.2454,0.36031395634,0.209324859643,-0.0917130691123,0.0610292710924,-0.629032258065,-0.149386503067,0000000001001000,clear,no,land,low,none,no cloud,no fire,no,no,no,no,No,No,0.36031395634,0.209324859643,-0.0917130691123,0.0610292710924,-0.629032258065,-0.149386503067
11/25/2014,1239,2328,413,721,3602,3072,2396,1073741824,5581,2054,11325,72,330,11/25/2014,0.1239,0.2328,0.0413,0.0721,0.3602,0.3072,0.2396,0.305298570227,0.163371238261,-0.137777777778,-0.0143945808637,-0.619825995254,-0.214839797639,0000000001001000,clear,no,land,low,none,no cloud,no fire,no,no,no,no,No,No,0.305298570227,0.163371238261,-0.137777777778,-0.0143945808637,-0.619825995254,-0.214839797639
12/03/2014,1279,2310,512,794,3532,3085,2505,1073741824,5765,873,11600,74,339,12/03/2014,0.1279,0.231,0.0512,0.0794,0.3532,0.3085,0.2505,0.287266648091,0.159656838454,-0.143651529194,-0.0404984423676,-0.59061613818,-0.209174940089,0000000001001010,mixed,no,land,low,none,no cloud,no fire,no,no,no,no,Yes,Yes,0.278841274942,0.142227907233,-0.176614894464,-0.0874231587464,-0.620968006928,-0.214284796045
12/11/2014,1176,1970,351,711,3041,3052,2723,1073741824,5903,391,-6460,72,348,12/11/2014,0.1176,0.197,0.0351,0.0711,0.3041,0.3052,0.2723,0.252383979657,0.121084576204,-0.215452011151,-0.160451736629,-0.622110018602,-0.213729794452,0000000001001000,clear,no,land,low,none,no cloud,no fire,no,no,no,no,No,No,0.252383979657,0.121084576204,-0.215452011151,-0.160451736629,-0.622110018602,-0.213729794452
12/19/2014,1254,1999,519,731,3057,3040,2701,1073741824,5814,3993,11494,72,360,12/19/2014,0.1254,0.1999,0.0519,0.0731,0.3057,0.304,0.2701,0.229019366738,0.119158056364,-0.206588608851,-0.149361702128,-0.612304428534,-0.209256329114,0000000001001000,clear,no,land,low,none,no cloud,no fire,no,no,no,no,No,No,0.229019366738,0.119158056364,-0.206588608851,-0.149361702128,-0.612304428534,-0.209256329114
12/27/2014,1160,1860,404,679,2958,2905,2664,1073741824,5873,2063,11624,72,362,12/27/2014,0.116,0.186,0.0404,0.0679,0.2958,0.2905,0.2664,0.23178807947,0.110829639012,-0.219307450157,-0.177718832891,-0.62109375,-0.227895392279,0000000001001000,clear,no,land,low,none,no cloud,no fire,no,no,no,no,No,No,0.23178807947,0.110829639012,-0.219307450157,-0.177718832891,-0.62109375,-0.227895392279
01/01/2015,850,1413,295,513,2326,2137,1668,1073741824,5860,901,11588,72,6,01/01/2015,0.085,0.1413,0.0295,0.0513,0.2326,0.2137,0.1668,0.248784798939,0.0984231320583,-0.203943661972,-0.0827653359299,-0.612830188679,-0.244182936614,0000000001001000,clear,no,land,low,none,no cloud,no fire,no,no,no,no,No,No,0.248784798939,0.0984231320583,-0.203943661972,-0.0827653359299,-0.612830188679,-0.244182936614
01/09/2015,1110,1802,349,648,2876,2908,2696,1073741824,5797,330,-5249,72,15,01/09/2015,0.111,0.1802,0.0349,0.0648,0.2876,0.2908,0.2696,0.237637362637,0.109186152924,-0.234819532909,-0.198755002223,-0.635545556805,-0.22958529286,0000000001001000,clear,no,land,low,none,no cloud,no fire,no,no,no,no,No,No,0.237637362637,0.109186152924,-0.234819532909,-0.198755002223,-0.635545556805,-0.22958529286
01/17/2015,1241,2051,374,732,3186,3083,2698,1073741824,5688,1542,-5403,72,24,01/17/2015,0.1241,0.2051,0.0374,0.0732,0.3186,0.3083,0.2698,0.246051032807,0.121315600288,-0.201012855473,-0.136239208254,-0.61625163827,-0.216727133855,0000000001001000,clear,no,land,low,none,no cloud,no fire,no,no,no,no,No,No,0.246051032807,0.121315600288,-0.201012855473,-0.136239208254,-0.61625163827,-0.216727133855
01/25/2015,1613,2571,520,950,3647,4061,3429,1073741824,5762,3638,-5396,72,26,01/25/2015,0.1613,0.2571,0.052,0.095,0.3647,0.4061,0.3429,0.22896749522,0.130524824241,-0.22466827503,-0.143,-0.620834164837,-0.173045995497,0000000001001000,clear,no,land,low,none,no cloud,no fire,no,no,no,no,No,No,0.22896749522,0.130524824241,-0.22466827503,-0.143,-0.620834164837,-0.173045995497
02/02/2015,1291,2091,379,752,3172,3266,3075,1073741824,5237,927,12270,72,38,02/02/2015,0.1291,0.2091,0.0379,0.0752,0.3172,0.3266,0.3075,0.236546422235,0.117685133426,-0.219339182378,-0.190476190476,-0.62568442011,-0.205396161885,0000000001001000,clear,no,land,low,none,no cloud,no fire,no,no,no,no,No,No,0.236546422235,0.117685133426,-0.219339182378,-0.190476190476,-0.62568442011,-0.205396161885
02/10/2015,1286,2076,421,762,3135,3225,2991,1073741824,4971,2109,12270,72,45,02/10/2015,0.1286,0.2076,0.0421,0.0762,0.3135,0.3225,0.2991,0.23497917906,0.118729147254,-0.21675155631,-0.180580224985,-0.617757712566,-0.203223949338,0000000001001000,clear,no,land,low,none,no cloud,no fire,no,no,no,no,No,No,0.23497917906,0.118729147254,-0.21675155631,-0.180580224985,-0.617757712566,-0.203223949338
02/18/2015,1492,2428,426,859,3684,3720,3422,1073741824,5073,2675,-5145,74,49,02/18/2015,0.1492,0.2428,0.0426,0.0859,0.3684,0.372,0.3422,0.238775510204,0.128677481441,-0.21014964216,-0.169914529915,-0.624808910242,-0.205497382199,0000000001001010,mixed,no,land,low,none,no cloud,no fire,no,no,no,no,Yes,Yes,0.231685986571,0.114992785135,-0.218723353389,-0.172641539387,-0.61501836042,-0.186057345536
02/26/2015,5551,5694,5495,5597,5503,1964,885,1073741824,4410,2045,12664,1033,61,02/26/2015,0.5551,0.5694,0.5495,0.5597,0.5503,0.1964,0.0885,0.0127167630058,0.0459069020867,0.487072342648,0.730962152303,0.480491998413,0.0170581405734,0000010000001001,cloudy,no,land,climatology,none,cloud,no fire,no,no,no,no,Yes,Yes,0.228392794083,0.111256423015,-0.220695150467,-0.164702853788,-0.612279008275,-0.168890741733
03/06/2015,1167,1845,411,704,2505,2902,2531,1075838976,4122,892,12556,72,70,03/06/2015,0.1167,0.1845,0.0411,0.0704,0.2505,0.2902,0.2531,0.225099601594,0.107520060896,-0.222666947546,-0.15676416819,-0.609539656129,-0.151724137931,0000000001001000,clear,no,land,low,none,no cloud,no fire,no,no,no,no,No,No,0.225099601594,0.107520060896,-0.222666947546,-0.15676416819,-0.609539656129,-0.151724137931
03/14/2015,1132,1787,430,693,2722,2791,2617,1073741824,3788,2081,12787,72,77,03/14/2015,0.1132,0.1787,0.043,0.0693,0.2722,0.2791,0.2617,0.224391915039,0.106649732969,-0.219309742246,-0.188465031789,-0.602181400689,-0.207363051674,0000000001001000,clear,no,land,low,none,no cloud,no fire,no,no,no,no,No,No,0.224391915039,0.106649732969,-0.219309742246,-0.188465031789,-0.602181400689,-0.207363051674
03/22/2015,1392,2125,516,882,3111,3160,3086,1073741824,3497,920,12753,72,86,03/22/2015,0.1392,0.2125,0.0516,0.0882,0.3111,0.316,0.3086,0.208416263861,0.110345035226,-0.195837275307,-0.1844175782,-0.563582384958,-0.188311688312,0000000001001000,clear,no,land,low,none,no cloud,no fire,no,no,no,no,No,No,0.208416263861,0.110345035226,-0.195837275307,-0.1844175782,-0.563582384958,-0.188311688312
03/30/2015,1263,1982,393,738,2957,3010,3039,1073741824,3165,2091,12925,72,93,03/30/2015,0.1263,0.1982,0.0393,0.0738,0.2957,0.301,0.3039,0.22157164869,0.10820165538,-0.205929487179,-0.210515833499,-0.606189967983,-0.197408382264,0000000001001000,clear,no,land,low,none,no cloud,no fire,no,no,no,no,No,No,0.22157164869,0.10820165538,-0.205929487179,-0.210515833499,-0.606189967983,-0.197408382264
04/07/2015,1672,2620,491,964,3644,4007,3889,1073741824,3312,2694,-4183,72,97,04/07/2015,0.1672,0.262,0.0491,0.0964,0.3644,0.4007,0.3889,0.220876048462,0.12493739951,-0.209295307077,-0.194960823475,-0.612150472742,-0.163473818646,0000000001001000,clear,no,land,low,none,no cloud,no fire,no,no,no,no,No,No,0.220876048462,0.12493739951,-0.209295307077,-0.194960823475,-0.612150472742,-0.163473818646
04/15/2015,1261,2120,516,788,3053,3097,3004,1073741824,2508,5327,12393,72,105,04/15/2015,0.1261,0.212,0.0516,0.0788,0.3053,0.3097,0.3004,0.254066844129,0.135780222559,-0.187272378762,-0.172521467603,-0.594337194337,-0.18035955925,0000000001001000,clear,no,land,low,none,no cloud,no fire,no,no,no,no,No,No,0.254066844129,0.135780222559,-0.187272378762,-0.172521467603,-0.594337194337,-0.18035955925
04/23/2015,1849,2806,530,1059,4141,4068,4199,1073741824,2508,1595,-3623,72,120,04/23/2015,0.1849,0.2806,0.053,0.1059,0.4141,0.4068,0.4199,0.205585392052,0.120075282309,-0.183590340413,-0.198857958601,-0.586892919836,-0.192169281704,0000000001001000,clear,no,land,low,none,no cloud,no fire,no,no,no,no,No,No,0.205585392052,0.120075282309,-0.183590340413,-0.198857958601,-0.586892919836,-0.192169281704
05/01/2015,1100,1979,403,697,2819,2791,2687,1073741824,2034,3994,13309,72,123,05/01/2015,0.11,0.1979,0.0403,0.0697,0.2819,0.2791,0.2687,0.285482299448,0.141259280687,-0.170230607966,-0.15173596228,-0.600344036697,-0.175072947061,0000000001001000,clear,no,land,low,none,no cloud,no fire,no,no,no,no,No,No,0.285482299448,0.141259280687,-0.170230607966,-0.15173596228,-0.600344036697,-0.175072947061
05/09/2015,1924,2984,674,1198,3791,4060,3418,1073741824,2560,4446,-2587,73,131,05/09/2015,0.1924,0.2984,0.0674,0.1198,0.3791,0.406,0.3418,0.21597392013,0.136085862476,-0.152754116979,-0.067791315214,-0.544313427159,-0.119114391144,0000000001001001,cloudy,no,land,low,none,no cloud,no fire,no,no,no,no,Yes,Yes,0.247225619491,0.137912524335,-0.163124028643,-0.133679220721,-0.582697639331,-0.146178448839
05/17/2015,2152,3289,677,1252,4163,4505,4149,1073741824,2340,3628,-2445,72,138,05/17/2015,0.2152,0.3289,0.0677,0.1252,0.4163,0.4505,0.4149,0.208968939533,0.134565767984,-0.15601744932,-0.115622479161,-0.565051241966,-0.117283950617,0000000001001000,clear,no,land,low,none,no cloud,no fire,no,no,no,no,No,No,0.208968939533,0.134565767984,-0.15601744932,-0.115622479161,-0.565051241966,-0.117283950617
05/25/2015,1527,2441,578,945,3342,3107,2660,1073741824,1486,4746,13821,72,146,05/25/2015,0.1527,0.2441,0.0578,0.0945,0.3342,0.3107,0.266,0.230342741935,0.132325689136,-0.120043258832,-0.0429327582827,-0.533563672261,-0.155801487117,0000000001001000,clear,no,land,low,none,no cloud,no fire,no,no,no,no,No,No,0.230342741935,0.132325689136,-0.120043258832,-0.0429327582827,-0.533563672261,-0.155801487117
06/02/2015,1587,3017,600,1057,3593,3880,3380,1073741824,1470,4042,14563,74,155,06/02/2015,0.1587,0.3017,0.06,0.1057,0.3593,0.388,0.338,0.310599478714,0.19818171739,-0.125126866754,-0.0567453493825,-0.57180473972,-0.0871406959153,0000000001001010,mixed,no,land,low,none,no cloud,no fire,no,no,no,no,Yes,NA,0.310599478714,0.19818171739,-0.125126866754,-0.0567453493825,-0.57180473972,-0.0871406959153
06/10/2015,1910,3061,725,1155,3845,4390,3958,1073741824,1353,4766,14418,73,162,06/10/2015,0.191,0.3061,0.0725,0.1155,0.3845,0.439,0.3958,0.231542949105,0.150784709304,-0.178365320091,-0.127795982334,-0.583408476105,-0.113524471474,0000000001001001,cloudy,no,land,low,none,no cloud,no fire,no,no,no,no,Yes,NA,0.231542949105,0.150784709304,-0.178365320091,-0.127795982334,-0.583408476105,-0.113524471474
06/18/2015,1975,3163,567,1171,4437,4411,4488,1073741824,2193,3600,-1495,9,170,06/18/2015,0.1975,0.3163,0.0567,0.1171,0.4437,0.4411,0.4488,0.231218372908,0.143060138243,-0.164774227621,-0.173179976474,-0.580437119312,-0.167631578947,0000000000001001,cloudy,no,land,climatology,none,no cloud,no fire,no,no,no,no,Yes,NA,0.231218372908,0.143060138243,-0.164774227621,-0.173179976474,-0.580437119312,-0.167631578947
06/26/2015,1698,2664,489,985,3466,3916,3601,1073741824,1803,1017,15860,74,182,06/26/2015,0.1698,0.2664,0.0489,0.0985,0.3466,0.3916,0.3601,0.221458046768,0.125882874195,-0.190273556231,-0.149561053472,-0.598041216078,-0.130831973899,0000000001001010,mixed,no,land,low,none,no cloud,no fire,no,no,no,no,Yes,NA,0.221458046768,0.125882874195,-0.190273556231,-0.149561053472,-0.598041216078,-0.130831973899
07/04/2015,1232,2564,600,898,3044,3097,2514,1073741824,1543,4080,15037,73,187,07/04/2015,0.1232,0.2564,0.06,0.0898,0.3044,0.3097,0.2514,0.350895679663,0.215450310559,-0.0941529765059,0.00984639621898,-0.550438047559,-0.0855920114123,0000000001001001,cloudy,no,land,low,none,no cloud,no fire,no,no,no,no,Yes,NA,0.350895679663,0.215450310559,-0.0941529765059,0.00984639621898,-0.550438047559,-0.0855920114123
07/12/2015,1692,3117,514,1066,3894,4039,3579,1073741824,1970,1027,15317,72,198,07/12/2015,0.1692,0.3117,0.0514,0.1066,0.3894,0.4039,0.3579,0.296319401123,0.183501596786,-0.128842929011,-0.0689964157706,-0.582370225269,-0.110825845101,0000000001001000,clear,no,land,low,none,no cloud,no fire,no,no,no,no,No,No,0.296319401123,0.183501596786,-0.128842929011,-0.0689964157706,-0.582370225269,-0.110825845101
07/20/2015,1477,2999,502,954,3506,3594,3074,1075838976,1971,2201,14897,73,205,07/20/2015,0.1477,0.2999,0.0502,0.0954,0.3506,0.3594,0.3074,0.340035746202,0.210267462423,-0.0902472319126,-0.0123497447719,-0.580474934037,-0.0779400461184,0000000001001001,cloudy,no,land,low,none,no cloud,no fire,no,no,no,no,Yes,Yes,0.3832698447,0.235407948847,-0.0314955969976,0.127839454452,-0.5422948146,-0.0768364352984
07/28/2015,974,2703,467,785,2945,2369,1378,1073741824,2222,1028,14509,72,214,07/28/2015,0.0974,0.2703,0.0467,0.0785,0.2945,0.2369,0.1378,0.470220288278,0.287314300907,0.0658517350158,0.324675324675,-0.502219403932,-0.0428470254958,0000000001001000,clear,no,land,low,none,no cloud,no fire,no,no,no,no,No,No,0.470220288278,0.287314300907,0.0658517350158,0.324675324675,-0.502219403932,-0.0428470254958
08/05/2015,1265,4049,501,1000,4606,3507,2569,1073741824,2494,244,-2124,73,223,08/05/2015,0.1265,0.4049,0.0501,0.1,0.4606,0.3507,0.2569,0.523899134362,0.389229091519,0.0717310746427,0.223632517377,-0.556245839805,-0.0643558636626,0000000001001001,cloudy,no,land,low,none,no cloud,no fire,no,no,no,no,Yes,Yes,0.497564072849,0.316758162366,0.0829826746236,0.326407327612,-0.51634325639,-0.0337602172618
08/13/2015,1519,4636,592,1179,5253,4021,3039,1073741824,2725,2602,-3109,73,225,08/13/2015,0.1519,0.4636,0.0592,0.1179,0.5253,0.4021,0.3039,0.50641754671,0.403547384775,0.0710407762504,0.208078175896,-0.546538461538,-0.062392557387,0000000001001001,cloudy,no,land,low,none,no cloud,no fire,no,no,no,no,Yes,Yes,0.52490785742,0.346202023824,0.100113614231,0.328139330549,-0.530467108847,-0.0246734090278
08/21/2015,1287,4002,642,1042,4220,3326,2326,1073741824,2873,281,-2926,73,239,08/21/2015,0.1287,0.4002,0.0642,0.1042,0.422,0.3326,0.2326,0.5133295519,0.401413448459,0.0922489082969,0.264854614412,-0.522893772894,-0.0265142301143,0000000001001001,cloudy,no,land,low,none,no cloud,no fire,no,no,no,no,Yes,Yes,0.55225164199,0.375645885283,0.117244553839,0.329871333486,-0.544590961305,-0.0155866007938
08/29/2015,956,3592,408,776,3639,2741,1803,1073741824,2996,946,12996,72,246,08/29/2015,0.0956,0.3592,0.0408,0.0776,0.3639,0.2741,0.1803,0.579595426561,0.405089746742,0.134375493447,0.331603336423,-0.558714813762,-0.00649979255981,0000000001001000,clear,no,land,low,none,no cloud,no fire,no,no,no,no,No,No,0.579595426561,0.405089746742,0.134375493447,0.331603336423,-0.558714813762,-0.00649979255981
09/06/2015,1041,4127,625,963,4381,2965,1922,1073741824,3149,2099,12723,72,253,09/06/2015,0.1041,0.4127,0.0625,0.0963,0.4381,0.2965,0.1922,0.59713622291,0.491855535367,0.163846587704,0.364523061663,-0.50967413442,-0.029854254819,0000000001001000,clear,no,land,low,none,no cloud,no fire,no,no,no,no,No,No,0.59713622291,0.491855535367,0.163846587704,0.364523061663,-0.50967413442,-0.029854254819
09/14/2015,840,3712,462,792,3662,2378,1293,1075838976,3499,892,12241,72,262,09/14/2015,0.084,0.3712,0.0462,0.0792,0.3662,0.2378,0.1293,0.630931458699,0.469680120364,0.219047619048,0.483316683317,-0.500315457413,0.00678058041768,0000000001001000,clear,no,land,low,none,no cloud,no fire,no,no,no,no,No,No,0.630931458699,0.469680120364,0.219047619048,0.483316683317,-0.500315457413,0.00678058041768
09/22/2015,878,4090,456,816,4189,2615,1509,1073741824,3856,413,-4842,72,271,09/22/2015,0.0878,0.409,0.0456,0.0816,0.4189,0.2615,0.1509,0.64653784219,0.503827330907,0.219985085757,0.460975174138,-0.524336928009,-0.0119579659379,0000000001001000,clear,no,land,low,none,no cloud,no fire,no,no,no,no,No,No,0.64653784219,0.503827330907,0.219985085757,0.460975174138,-0.524336928009,-0.0119579659379
09/30/2015,1134,4332,549,957,4544,2956,1874,1073741824,4209,1615,-5512,72,280,09/30/2015,0.1134,0.4332,0.0549,0.0957,0.4544,0.2956,0.1874,0.585071350165,0.469782883333,0.188803512623,0.39606832098,-0.510861231791,-0.0238846327174,0000000001001000,clear,no,land,low,none,no cloud,no fire,no,no,no,no,No,No,0.585071350165,0.469782883333,0.188803512623,0.39606832098,-0.510861231791,-0.0238846327174
10/08/2015,941,3812,345,747,4056,2729,1716,1073741824,4399,373,-6198,72,287,10/08/2015,0.0941,0.3812,0.0345,0.0747,0.4056,0.2729,0.1716,0.604039553966,0.42544678581,0.165571013606,0.379160636758,-0.570195627158,-0.0310116929334,0000000001001000,clear,no,land,low,none,no cloud,no fire,no,no,no,no,No,No,0.604039553966,0.42544678581,0.165571013606,0.379160636758,-0.570195627158,-0.0310116929334
10/16/2015,948,3549,496,790,3561,2492,1470,1073741824,4595,909,11584,72,294,10/16/2015,0.0948,0.3549,0.0496,0.079,0.3561,0.2492,0.147,0.578385590394,0.419056518657,0.174971031286,0.414225941423,-0.51858622791,-0.00168776371308,0000000001001000,clear,no,land,low,none,no cloud,no fire,no,no,no,no,No,No,0.578385590394,0.419056518657,0.174971031286,0.414225941423,-0.51858622791,-0.00168776371308
10/24/2015,883,3670,365,767,3962,2392,1219,1073741824,4899,3647,-5978,72,298,10/24/2015,0.0883,0.367,0.0365,0.0767,0.3962,0.2392,0.1219,0.612123874369,0.429284372016,0.210821511052,0.501329515238,-0.514403292181,-0.0382599580713,0000000001001000,clear,no,land,low,none,no cloud,no fire,no,no,no,no,No,No,0.612123874369,0.429284372016,0.210821511052,0.501329515238,-0.514403292181,-0.0382599580713
11/01/2015,1054,2585,413,725,3204,2611,1930,1075838976,5103,928,11170,72,310,11/01/2015,0.1054,0.2585,0.0413,0.0725,0.3204,0.2611,0.193,0.420719978016,0.242070644784,-0.0050038491147,0.145071982281,-0.565347721823,-0.106926930385,0000000001001000,clear,no,land,low,none,no cloud,no fire,no,no,no,no,No,No,0.420719978016,0.242070644784,-0.0050038491147,0.145071982281,-0.565347721823,-0.106926930385
11/09/2015,1019,2504,485,752,3012,2664,1851,1073741824,5270,2099,11300,72,317,11/09/2015,0.1019,0.2504,0.0485,0.0752,0.3012,0.2664,0.1851,0.421515753619,0.247822168819,-0.030959752322,0.149942594719,-0.559718969555,-0.0920957215373,0000000001001000,clear,no,land,low,none,no cloud,no fire,no,no,no,no,No,No,0.421515753619,0.247822168819,-0.030959752322,0.149942594719,-0.559718969555,-0.0920957215373
11/17/2015,1274,2478,539,868,3407,2943,2416,1073741824,5520,909,11524,72,326,11/17/2015,0.1274,0.2478,0.0539,0.0868,0.3407,0.2943,0.2416,0.320895522388,0.187194875463,-0.0857775318207,0.0126685737638,-0.54447651535,-0.157858963466,0000000001001000,clear,no,land,low,none,no cloud,no fire,no,no,no,no,No,No,0.320895522388,0.187194875463,-0.0857775318207,0.0126685737638,-0.54447651535,-0.157858963466
11/25/2015,865,1507,385,613,2159,1806,1258,1073741824,5730,352,-5410,72,335,11/25/2015,0.0865,0.1507,0.0385,0.0613,0.2159,0.1806,0.1258,0.27065767285,0.116224338318,-0.0902505282222,0.0900542495479,-0.493178999587,-0.177850518276,0000000001001000,clear,no,land,low,none,no cloud,no fire,no,no,no,no,No,No,0.27065767285,0.116224338318,-0.0902505282222,0.0900542495479,-0.493178999587,-0.177850518276
12/03/2015,1221,2030,561,855,2699,2629,1792,1073741824,5841,2695,-6129,72,337,12/03/2015,0.1221,0.203,0.0561,0.0855,0.2699,0.2629,0.1792,0.248846508767,0.133511568802,-0.12856836231,0.0622710622711,-0.509184845006,-0.141467540706,0000000001001000,clear,no,land,low,none,no cloud,no fire,no,no,no,no,No,No,0.248846508767,0.133511568802,-0.12856836231,0.0622710622711,-0.509184845006,-0.141467540706
12/11/2015,1156,1884,528,798,2584,2621,1940,1073741824,5839,2035,11577,72,349,12/11/2015,0.1156,0.1884,0.0528,0.0798,0.2584,0.2621,0.194,0.239473684211,0.122476446837,-0.16359600444,-0.0146443514644,-0.533196841182,-0.15666965085,0000000001001000,clear,no,land,low,none,no cloud,no fire,no,no,no,no,No,No,0.239473684211,0.122476446837,-0.16359600444,-0.0146443514644,-0.533196841182,-0.15666965085
12/19/2015,1523,2407,537,937,3535,3525,3369,1073741824,5910,873,11500,74,358,12/19/2015,0.1523,0.2407,0.0537,0.0937,0.3535,0.3525,0.3369,0.224936386768,0.126159554731,-0.188469318948,-0.166551246537,-0.58000896459,-0.189835072366,0000000001001010,mixed,no,land,low,none,no cloud,no fire,no,no,no,no,Yes,Yes,0.243960755678,0.122369815496,-0.146007535738,0.0171369660586,-0.5247585978,-0.168883752575
12/27/2015,1061,1818,497,595,2192,1844,1180,1073741824,5706,5832,11410,202,3,12/27/2015,0.1061,0.1818,0.0497,0.0595,0.2192,0.1844,0.118,0.26293852032,0.130909971293,-0.00709994538504,0.212808539026,-0.512095120951,-0.0932668329177,0000000011001010,mixed,no,land,high,none,no cloud,no fire,no,no,no,no,Yes,Yes,0.248447827146,0.122263184155,-0.128419067036,0.0489182835816,-0.516320354417,-0.181097854299
